ID,score
1,8.718245029449463
2,9.1959810256958
3,8.674644827842712
4,9.024805426597595
5,0.824292004108429
6,9.265639781951904
7,8.557488322257996
8,1.7421503365039825
9,1.5026605129241943
10,1.5703018009662628
11,8.908762335777283
12,1.7755453288555145
13,8.499000668525696
14,9.234021306037903
15,8.966974020004272
16,9.668731689453125
17,9.29913341999054
18,8.81114661693573
19,1.9371652603149414
20,1.1373796314001083
21,9.128246903419495
22,1.1477669328451157
23,7.085650563240051
24,9.752100706100464
25,4.901950657367706
26,8.637269139289856
27,3.3261528611183167
28,9.012483954429626
29,6.017773151397705
30,8.632192015647888
31,8.80078375339508
32,8.827263116836548
33,8.949779868125916
34,0.7997307926416397
35,9.6405690908432
36,9.256890416145325
37,2.792912721633911
38,2.5347310304641724
39,9.174491167068481
40,8.695523738861084
41,7.210417985916138
42,9.063289165496826
43,8.486728072166443
44,8.706802725791931
45,9.27907645702362
46,7.990076541900635
47,9.350990653038025
48,8.47749650478363
49,1.7480160295963287
50,3.5622569918632507
51,9.143168330192566
52,1.4726291596889496
53,9.196298718452454
54,8.674465417861938
55,1.0915806889533997
56,8.984563946723938
57,9.009414315223694
58,9.352553486824036
59,0.5343486741185188
60,9.188165664672852
61,7.3567259311676025
62,1.1912363022565842
63,0.7640162110328674
64,3.3083009719848633
65,9.11170482635498
66,0.7976380735635757
67,9.043440818786621
68,8.468422293663025
69,1.7986911535263062
70,0.37471357733011246
71,9.017119407653809
72,1.1756347119808197
73,9.319695830345154
74,2.407137304544449
75,5.382353067398071
76,9.356735348701477
77,8.895644545555115
78,8.66223931312561
79,8.752394914627075
80,1.8378457427024841
81,9.435617923736572
82,9.403814673423767
83,8.810401558876038
84,9.221695065498352
85,7.3678284883499146
86,8.285198211669922
87,7.479636073112488
88,9.771016240119934
89,1.7254967987537384
90,8.888066411018372
91,9.214245080947876
92,8.733084797859192
93,0.673549696803093
94,8.14900517463684
95,1.3199114799499512
96,9.037001132965088
97,5.505480170249939
98,9.184794425964355
99,0.5187268927693367
100,9.108349084854126
101,8.591009378433228
102,1.741420030593872
103,0.8132439106702805
104,8.860434889793396
105,1.1635254323482513
106,5.432329773902893
107,9.316346645355225
108,9.231330752372742
109,9.22528326511383
110,8.454448580741882
111,1.3308735191822052
112,9.196367263793945
113,3.052213490009308
114,9.769772291183472
115,1.7022734880447388
116,8.950275182723999
117,9.340445399284363
118,9.113293290138245
119,9.55677330493927
120,2.7157938480377197
121,9.297534227371216
122,3.2442423701286316
123,1.0034341365098953
124,9.174336791038513
125,9.192882180213928
126,8.138713836669922
127,8.238593935966492
128,6.4015597105026245
129,9.157742261886597
130,2.438541501760483
131,9.217838048934937
132,8.27638864517212
133,8.713578581809998
134,9.308286309242249
135,8.753154873847961
136,1.399543136358261
137,9.34800922870636
138,9.719966650009155
139,8.952410221099854
140,8.98366630077362
141,0.7720226049423218
142,8.967911005020142
143,8.485836386680603
144,3.370826542377472
145,2.5822967290878296
146,6.892256736755371
147,8.838211297988892
148,9.271712899208069
149,9.389416575431824
150,5.67318856716156
151,8.274951577186584
152,8.698258996009827
153,0.6857685744762421
154,8.770807981491089
155,1.8658407032489777
156,9.25438106060028
157,3.317984938621521
158,8.420192003250122
159,9.03664767742157
160,1.018379107117653
161,9.32932198047638
162,4.356003999710083
163,3.882254958152771
164,8.911601305007935
165,8.790321946144104
166,9.529302716255188
167,1.7930370569229126
168,8.7549489736557
169,9.503888487815857
170,1.233111396431923
171,9.144272208213806
172,9.395783543586731
173,8.993555903434753
174,9.692792892456055
175,8.62034797668457
176,0.7582816481590271
177,3.658803105354309
178,9.368618130683899
179,1.6162075102329254
180,8.985022902488708
181,7.825722694396973
182,9.423986673355103
183,9.18742835521698
184,9.006503820419312
185,2.7215132117271423
186,8.452052474021912
187,8.817508220672607
188,0.8544711023569107
189,8.00039291381836
190,9.432945251464844
191,9.194074273109436
192,0.6784426420927048
193,1.270424723625183
194,9.170271158218384
195,8.525223135948181
196,7.2394514083862305
197,9.12235975265503
198,8.905195593833923
199,8.450773358345032
200,8.265050649642944
201,1.6533549129962921
202,7.953292727470398
203,5.842777490615845
204,7.943761944770813
205,1.696150004863739
206,9.589350819587708
207,1.6272550821304321
208,3.495016396045685
209,5.866642594337463
210,8.884819149971008
211,1.3409602642059326
212,8.615958094596863
213,0.9830615669488907
214,6.7320317029953
215,0.9131225198507309
216,8.390878438949585
217,8.545669913291931
218,5.889229774475098
219,8.24813425540924
220,1.0186006873846054
221,2.336409240961075
222,4.377494156360626
223,1.6863799095153809
224,1.403910368680954
225,8.915326595306396
226,9.069249033927917
227,0.8467872440814972
228,8.922261595726013
229,7.857147455215454
230,1.9701318442821503
231,8.617828488349915
232,8.975502848625183
233,4.590338170528412
234,5.011741518974304
235,8.67443323135376
236,9.604780673980713
237,3.8618454337120056
238,8.099370002746582
239,1.0117219388484955
240,9.402909278869629
241,1.25507652759552
242,8.681901693344116
243,2.6302409172058105
244,8.88600766658783
245,0.7426604628562927
246,1.5568341314792633
247,9.185289740562439
248,9.546985626220703
249,9.43429708480835
250,1.1137142777442932
251,8.405051827430725
252,7.876145839691162
253,9.113836884498596
254,9.570138454437256
255,1.011626124382019
256,8.614023923873901
257,8.844122886657715
258,1.1791421473026276
259,2.962660789489746
260,2.791769504547119
261,7.974947690963745
262,9.40498173236847
263,7.52745509147644
264,9.066841006278992
265,8.688656687736511
266,8.121434450149536
267,9.066060185432434
268,8.428072333335876
269,9.563673734664917
270,8.23557198047638
271,1.1910558491945267
272,3.6709046363830566
273,2.801414728164673
274,4.628912508487701
275,9.001123905181885
276,1.132938712835312
277,9.304476380348206
278,1.528870016336441
279,8.723683953285217
280,7.085749506950378
281,9.082536697387695
282,8.790426254272461
283,9.22452449798584
284,8.940406441688538
285,6.002032160758972
286,6.067115068435669
287,9.05357301235199
288,3.6000865697860718
289,9.55995798110962
290,4.817158877849579
291,8.444015383720398
292,9.328278303146362
293,0.6076362356543541
294,9.295397996902466
295,9.017438888549805
296,8.972468972206116
297,9.028066992759705
298,9.280877113342285
299,8.148944973945618
300,2.34372079372406
301,7.541819214820862
302,8.721811771392822
303,1.919093281030655
304,8.444586992263794
305,8.895261883735657
306,9.418611526489258
307,5.702263712882996
308,0.760381817817688
309,8.449127674102783
310,8.212833404541016
311,1.9242234528064728
312,2.228129059076309
313,8.893458247184753
314,0.5398230254650116
315,0.8953437209129333
316,2.8072598576545715
317,0.8841291815042496
318,5.552830696105957
319,9.39136028289795
320,0.8078633248806
321,1.244959682226181
322,8.687189221382141
323,2.1176064014434814
324,1.8705402314662933
325,3.473874032497406
326,8.854816555976868
327,8.80624532699585
328,8.565877079963684
329,8.670664429664612
330,9.000465869903564
331,1.6948367655277252
332,9.210702776908875
333,0.7802913337945938
334,8.451033234596252
335,8.917229175567627
336,1.607009768486023
337,4.895586967468262
338,7.870314717292786
339,9.066884517669678
340,0.5554727464914322
341,9.531415104866028
342,3.1270456314086914
343,0.8079475909471512
344,9.342334270477295
345,0.5784730613231659
346,8.77437174320221
347,9.213330149650574
348,9.155476093292236
349,1.6525287926197052
350,8.052802085876465
351,0.3797180950641632
352,0.7219123840332031
353,0.7888253778219223
354,8.976961374282837
355,9.633997678756714
356,0.7558475434780121
357,8.706367015838623
358,7.08309531211853
359,9.17112112045288
360,9.080331325531006
361,1.7451970279216766
362,9.126911163330078
363,0.8821616321802139
364,0.6125850975513458
365,0.9031859785318375
366,9.007465243339539
367,9.311800599098206
368,8.7076735496521
369,9.266060590744019
370,8.866842985153198
371,8.603551983833313
372,0.24108821526169777
373,8.903691172599792
374,9.170509576797485
375,1.679486483335495
376,8.10010313987732
377,7.921004891395569
378,8.790873289108276
379,8.714518547058105
380,9.258611798286438
381,8.29210102558136
382,9.135512709617615
383,0.7905038446187973
384,9.27497148513794
385,3.9044189453125
386,9.203312993049622
387,8.76035749912262
388,7.865358591079712
389,0.2274031564593315
390,4.8464736342430115
391,0.8005549758672714
392,3.128208816051483
393,9.722485542297363
394,8.919325470924377
395,0.8079515397548676
396,8.549326658248901
397,9.229742288589478
398,8.053343892097473
399,9.262786507606506
400,8.819528222084045
401,9.206597805023193
402,8.8383549451828
403,9.029783010482788
404,9.005159735679626
405,5.6270915269851685
406,6.364554762840271
407,9.133027195930481
408,1.849324256181717
409,1.7750166356563568
410,8.9197438955307
411,2.6279976963996887
412,3.9890584349632263
413,0.7465730607509613
414,8.889358639717102
415,0.8446121960878372
416,9.366914629936218
417,9.118748903274536
418,1.7277021706104279
419,9.18785274028778
420,9.461805820465088
421,6.918733716011047
422,0.8077691495418549
423,7.82630980014801
424,9.405657649040222
425,9.52354609966278
426,9.180220365524292
427,3.2347747683525085
428,0.9687891602516174
429,2.191994786262512
430,7.616909742355347
431,8.315907716751099
432,8.539815545082092
433,8.657492399215698
434,7.415784597396851
435,7.941131591796875
436,1.738806962966919
437,7.318442463874817
438,8.819721341133118
439,6.206607818603516
440,9.365156888961792
441,9.104395508766174
442,3.154139816761017
443,9.387642741203308
444,1.922745555639267
445,8.089832067489624
446,8.541259169578552
447,9.120706915855408
448,7.798423171043396
449,8.609962463378906
450,1.3174404203891754
451,9.070255756378174
452,1.6220267117023468
453,9.220318794250488
454,6.341632604598999
455,0.8725349605083466
456,9.086610674858093
457,9.327346682548523
458,0.5495163053274155
459,8.672439455986023
460,8.732607960700989
461,9.262959361076355
462,1.9804079830646515
463,0.8598421514034271
464,3.8752979040145874
465,0.9152049571275711
466,8.278436064720154
467,9.031203389167786
468,8.861019015312195
469,9.360597729682922
470,9.539477229118347
471,9.435731768608093
472,9.037142395973206
473,7.7418601512908936
474,8.13402771949768
475,0.7652955502271652
476,0.33188890665769577
477,1.0650177299976349
478,1.8408145010471344
479,0.9969485551118851
480,0.7745838165283203
481,6.368229985237122
482,2.282152622938156
483,7.038090825080872
484,9.649492502212524
485,2.297162711620331
486,8.00039291381836
487,9.588494896888733
488,8.783032894134521
489,9.70870554447174
490,9.483002424240112
491,8.84339153766632
492,9.00766909122467
493,0.678732767701149
494,5.152348279953003
495,0.463375449180603
496,8.894099593162537
497,8.753763437271118
498,1.1553528159856796
499,9.726426601409912
500,0.9200393408536911
501,1.803363859653473
502,8.968642354011536
503,0.5204271525144577
504,7.9953306913375854
505,8.83447527885437
506,8.686106204986572
507,8.170102834701538
508,9.546259045600891
509,9.378849267959595
510,9.13966953754425
511,8.819558024406433
512,8.828369379043579
513,9.206317663192749
514,0.5423054099082947
515,9.161233305931091
516,8.272566199302673
517,7.1838802099227905
518,8.85465681552887
519,9.083359837532043
520,8.891785144805908
521,9.234930276870728
522,9.459741115570068
523,8.601171970367432
524,9.14438009262085
525,8.364014625549316
526,9.06157910823822
527,0.5412749946117401
528,7.3186928033828735
529,2.699982523918152
530,1.6366885602474213
531,4.013875722885132
532,8.775978684425354
533,8.355531096458435
534,0.5212666839361191
535,7.649632692337036
536,9.420047402381897
537,0.43101534247398376
538,2.4296410381793976
539,9.09149706363678
540,3.6782974004745483
541,0.7539742439985275
542,8.992145657539368
543,1.1622660607099533
544,0.7379353046417236
545,8.340176343917847
546,0.9556557983160019
547,8.20474922657013
548,5.664425492286682
549,8.526068925857544
550,0.7410386949777603
551,8.90600323677063
552,8.941746950149536
553,8.819271326065063
554,6.795299053192139
555,1.621672660112381
556,1.4031390845775604
557,9.315747618675232
558,0.8639127761125565
559,9.661503434181213
560,9.465901255607605
561,2.5796568393707275
562,1.342400461435318
563,8.072412610054016
564,3.038581907749176
565,9.220848679542542
566,9.537729620933533
567,8.639295101165771
568,7.575286626815796
569,7.645961046218872
570,8.959962129592896
571,7.864864468574524
572,4.375130832195282
573,0.5443255975842476
574,8.501569032669067
575,1.4855293929576874
576,3.1945061683654785
577,6.281187534332275
578,8.54216992855072
579,1.4145693182945251
580,2.5795024633407593
581,9.007619023323059
582,8.91630232334137
583,9.511961340904236
584,0.6563770025968552
585,9.267156720161438
586,9.422033429145813
587,8.967278003692627
588,8.79374623298645
589,8.848403096199036
590,1.462346613407135
591,9.484163522720337
592,9.481169581413269
593,9.424347281455994
594,8.96828293800354
595,5.960401892662048
596,8.847551941871643
597,8.775092959403992
598,1.818452924489975
599,9.257423877716064
600,9.546730518341064
601,9.238163232803345
602,2.915966510772705
603,1.5662236511707306
604,0.7460645586252213
605,1.7490985989570618
606,2.0826269686222076
607,8.887470364570618
608,8.98524820804596
609,1.2198298424482346
610,7.560376524925232
611,8.55840265750885
612,0.6013605371117592
613,9.675888419151306
614,7.944433093070984
615,0.899854451417923
616,2.693687677383423
617,0.9330765902996063
618,0.3843722492456436
619,8.676880598068237
620,1.974140703678131
621,1.6868604719638824
622,1.9189396500587463
623,8.674318194389343
624,8.820276856422424
625,8.062689304351807
626,8.496758937835693
627,5.074930787086487
628,2.2704151272773743
629,9.215851426124573
630,8.903676867485046
631,0.5980663001537323
632,8.384888172149658
633,1.7067034542560577
634,9.119089841842651
635,2.7075234055519104
636,9.446092247962952
637,9.16099727153778
638,8.691880702972412
639,1.1359888315200806
640,8.950884938240051
641,9.049575328826904
642,3.7405025959014893
643,8.932638764381409
644,1.4403824508190155
645,9.183411002159119
646,1.165597289800644
647,2.5805142521858215
648,9.550452828407288
649,8.607134819030762
650,7.83417820930481
651,9.554126262664795
652,1.3572768867015839
653,1.6849826276302338
654,9.300140738487244
655,8.603837490081787
656,8.90390932559967
657,7.001709938049316
658,9.602150917053223
659,9.314310550689697
660,2.3923417925834656
661,7.856969237327576
662,9.14059579372406
663,1.0084152221679688
664,1.7253275215625763
665,9.269784688949585
666,7.731800675392151
667,3.5416099429130554
668,8.990271091461182
669,1.0374600440263748
670,4.1916850209236145
671,9.212774634361267
672,8.293116092681885
673,1.5608111023902893
674,8.602367639541626
675,9.277532696723938
676,7.3730456829071045
677,8.824702501296997
678,8.905404806137085
679,7.926234006881714
680,3.6105573177337646
681,9.124979376792908
682,0.952264741063118
683,6.2762486934661865
684,5.076603889465332
685,8.633610010147095
686,5.3922975063323975
687,8.652949333190918
688,0.3393327444791794
689,0.8254443109035492
690,9.45599615573883
691,8.98254930973053
692,9.001091122627258
693,5.85942804813385
694,8.89533519744873
695,9.121463894844055
696,2.318141907453537
697,9.355279803276062
698,9.121050238609314
699,9.182144403457642
700,9.10083293914795
701,9.107837677001953
702,7.764841914176941
703,0.7408352196216583
704,6.980214715003967
705,1.9157201051712036
706,9.052141904830933
707,9.464911222457886
708,8.894487023353577
709,2.231682687997818
710,7.490691542625427
711,1.7759326100349426
712,8.887667655944824
713,9.003889560699463
714,9.45022463798523
715,3.851853311061859
716,8.758917450904846
717,3.1611689925193787
718,0.7199109345674515
719,6.471415162086487
720,7.975603938102722
721,9.509735703468323
722,9.517300724983215
723,2.3582591116428375
724,8.884827494621277
725,1.1530354619026184
726,7.3090022802352905
727,7.659367918968201
728,8.66240918636322
729,1.7509925365447998
730,1.3300327956676483
731,2.14399591088295
732,8.507288098335266
733,8.475477695465088
734,8.951595425605774
735,8.932600617408752
736,2.1581463515758514
737,1.9069662690162659
738,9.226657748222351
739,7.416453957557678
740,1.862366646528244
741,3.117970824241638
742,2.3177073895931244
743,9.16239619255066
744,8.282943367958069
745,9.359276294708252
746,7.469118237495422
747,8.895422220230103
748,7.891286611557007
749,5.986422300338745
750,9.150416851043701
751,1.1877532303333282
752,9.600767493247986
753,9.365697503089905
754,8.794848918914795
755,8.944224119186401
756,9.192930459976196
757,2.9392898082733154
758,0.31670156866312027
759,9.360242486000061
760,3.5220149159431458
761,7.906779646873474
762,9.306097030639648
763,2.0466284453868866
764,2.1126146614551544
765,9.056518077850342
766,8.620244264602661
767,8.307572603225708
768,8.686937689781189
769,8.802476525306702
770,1.093604937195778
771,9.159266948699951
772,1.4010800421237946
773,7.401168942451477
774,9.18839156627655
775,0.736708790063858
776,1.2960894405841827
777,9.051499962806702
778,8.644379377365112
779,8.681221604347229
780,8.50514531135559
781,9.223257303237915
782,8.633888959884644
783,9.31779146194458
784,7.578801512718201
785,9.556483626365662
786,8.675376176834106
787,1.6530139744281769
788,9.014381766319275
789,2.2530362010002136
790,7.497355341911316
791,7.309582829475403
792,0.9820462763309479
793,8.826690912246704
794,8.97540271282196
795,8.511098027229309
796,2.010033279657364
797,7.479133605957031
798,9.113375544548035
799,2.454867362976074
800,9.375081062316895
801,8.63681435585022
802,8.897933959960938
803,2.1285468339920044
804,9.102678298950195
805,1.5510499477386475
806,1.2546509504318237
807,0.9113278239965439
808,4.603540301322937
809,9.360592365264893
810,8.989458680152893
811,7.873715758323669
812,7.318338751792908
813,0.9179609268903732
814,3.206585943698883
815,8.88655424118042
816,5.967733860015869
817,2.999722957611084
818,8.903535008430481
819,9.377007484436035
820,1.64919912815094
821,0.6153750792145729
822,9.004307985305786
823,0.8545117080211639
824,8.874292969703674
825,1.5530654788017273
826,1.4786970615386963
827,7.579095363616943
828,9.498308897018433
829,8.86331856250763
830,9.523037075996399
831,3.0278825759887695
832,9.050114154815674
833,9.28230881690979
834,9.299455285072327
835,2.6247715950012207
836,9.222269058227539
837,9.135890007019043
838,2.0924757421016693
839,1.0800579935312271
840,9.020341038703918
841,7.776447534561157
842,9.514108896255493
843,8.979071974754333
844,3.0762979388237
845,1.5822336077690125
846,3.947748839855194
847,2.2339870035648346
848,4.598354399204254
849,8.895469903945923
850,9.160453081130981
851,6.74002468585968
852,0.5910536646842957
853,9.578903913497925
854,7.9001665115356445
855,2.8513798117637634
856,8.821209073066711
857,4.253969192504883
858,9.465901255607605
859,8.167275786399841
860,8.967152833938599
861,0.7639267295598984
862,1.2493140250444412
863,1.3097627460956573
864,0.7266051322221756
865,8.70219886302948
866,1.3226765394210815
867,2.084076553583145
868,1.1022913455963135
869,2.547304928302765
870,1.2809929251670837
871,2.7977612614631653
872,9.136900901794434
873,2.012159526348114
874,9.689000844955444
875,0.5121402069926262
876,9.005263447761536
877,0.42901717126369476
878,6.377924084663391
879,0.40563836693763733
880,8.707273602485657
881,0.6034135073423386
882,9.05605673789978
883,8.577436208724976
884,7.650963068008423
885,1.5439382195472717
886,9.446904063224792
887,9.44685161113739
888,0.6804586201906204
889,1.9637200236320496
890,7.915162444114685
891,8.790090084075928
892,8.632480502128601
893,0.819026306271553
894,2.5385266542434692
895,9.22170102596283
896,2.1186327934265137
897,8.830405473709106
898,8.039081692695618
899,6.260054111480713
900,2.324822247028351
901,8.132583498954773
902,9.110358953475952
903,1.588239073753357
904,1.907256692647934
905,0.7042206078767776
906,9.568549990653992
907,6.9163525104522705
908,8.619733452796936
909,1.1796505004167557
910,0.9895487129688263
911,9.012522101402283
912,8.099414110183716
913,9.755115509033203
914,8.617182970046997
915,8.243560791015625
916,7.822291254997253
917,0.9542237222194672
918,9.60253655910492
919,1.3509973883628845
920,4.217839539051056
921,8.109469413757324
922,9.518940448760986
923,8.354436755180359
924,2.333560883998871
925,9.076959490776062
926,3.0853810906410217
927,5.437576770782471
928,2.781710624694824
929,8.612222671508789
930,6.791386604309082
931,9.251598119735718
932,8.647377490997314
933,2.0779991149902344
934,5.567953586578369
935,1.077280044555664
936,9.20727252960205
937,6.849455237388611
938,9.624393582344055
939,8.804753422737122
940,0.8368425816297531
941,2.1745066344738007
942,2.3343826830387115
943,9.318453669548035
944,9.221245646476746
945,2.163207232952118
946,9.200712442398071
947,1.7085178196430206
948,8.855359554290771
949,0.6993455439805984
950,9.612700939178467
951,8.960365056991577
952,9.331377744674683
953,0.5511943995952606
954,0.6101147830486298
955,1.5996894240379333
956,2.6118960976600647
957,0.36977212876081467
958,9.12618637084961
959,2.5717127323150635
960,8.924459218978882
961,0.9312092512845993
962,8.342844247817993
963,3.503110706806183
964,1.2524175643920898
965,9.224103093147278
966,0.99409319460392
967,3.904126286506653
968,9.231513738632202
969,9.281999468803406
970,0.8005602657794952
971,8.955342173576355
972,9.252414107322693
973,8.626542091369629
974,8.506118059158325
975,7.26769745349884
976,9.164294004440308
977,8.810835480690002
978,9.359890222549438
979,9.716082215309143
980,9.095552563667297
981,8.585705757141113
982,9.138478636741638
983,8.998410701751709
984,8.880572319030762
985,1.0378827154636383
986,7.71697998046875
987,1.5617914497852325
988,0.6924379616975784
989,3.877272605895996
990,8.830381631851196
991,0.6859175115823746
992,5.526297688484192
993,0.7214067131280899
994,9.586487412452698
995,9.079942107200623
996,2.106032222509384
997,1.04276642203331
998,5.323963761329651
999,8.012754321098328
1000,9.198333621025085
1001,0.8006160706281662
1002,1.7551413178443909
1003,9.087198972702026
1004,9.617449641227722
1005,6.2973010540008545
1006,0.6865783035755157
1007,9.271275401115417
1008,8.666170835494995
1009,9.34967815876007
1010,9.502335786819458
1011,8.102129697799683
1012,8.924981355667114
1013,2.6422935724258423
1014,2.1524426341056824
1015,9.624474048614502
1016,6.052619218826294
1017,8.32665503025055
1018,9.131654500961304
1019,8.375529050827026
1020,9.498932361602783
1021,7.861018180847168
1022,8.776299357414246
1023,9.140371680259705
1024,7.820475697517395
1025,7.8385913372039795
1026,9.278326034545898
1027,9.749025106430054
1028,8.138527274131775
1029,8.70228886604309
1030,8.706027865409851
1031,9.264360666275024
1032,9.130456447601318
1033,8.927923440933228
1034,9.00972306728363
1035,8.802273273468018
1036,0.9279277920722961
1037,4.328265488147736
1038,8.956850171089172
1039,8.76204252243042
1040,3.381529748439789
1041,8.890818357467651
1042,1.0862883180379868
1043,1.4360015094280243
1044,1.115667074918747
1045,3.344612419605255
1046,7.688112258911133
1047,8.207976818084717
1048,0.8196400105953217
1049,8.741455078125
1050,9.419421553611755
1051,1.1039700359106064
1052,9.182226061820984
1053,6.13053023815155
1054,1.2381229549646378
1055,8.752289414405823
1056,8.829147219657898
1057,0.7592575997114182
1058,9.01163637638092
1059,1.7694947123527527
1060,8.424428701400757
1061,9.278490543365479
1062,9.339972138404846
1063,4.624443352222443
1064,2.3807162046432495
1065,9.16272222995758
1066,1.4534099400043488
1067,8.730631470680237
1068,9.493366479873657
1069,9.249446392059326
1070,9.479589462280273
1071,5.012582540512085
1072,9.658408761024475
1073,8.016104698181152
1074,8.899134397506714
1075,8.931429982185364
1076,8.756647109985352
1077,3.989836871623993
1078,8.210296034812927
1079,9.193294048309326
1080,8.965781331062317
1081,1.0347940027713776
1082,6.469070315361023
1083,9.105146527290344
1084,7.899103164672852
1085,1.8439920246601105
1086,1.033443808555603
1087,8.673125505447388
1088,3.570733070373535
1089,9.502220749855042
1090,8.766332864761353
1091,8.655914664268494
1092,2.87395179271698
1093,9.649966955184937
1094,8.485909700393677
1095,1.170811802148819
1096,9.397002458572388
1097,2.1558985114097595
1098,0.4719751328229904
1099,8.473395109176636
1100,9.01475191116333
1101,5.402294397354126
1102,3.036346435546875
1103,1.0686565190553665
1104,3.321114480495453
1105,8.676323294639587
1106,1.6515450179576874
1107,8.885087966918945
1108,9.76846158504486
1109,4.820776283740997
1110,9.047491550445557
1111,2.796613574028015
1112,6.91428005695343
1113,8.532601594924927
1114,9.044015407562256
1115,9.248302578926086
1116,1.276189535856247
1117,8.06583285331726
1118,1.278199702501297
1119,6.104636788368225
1120,9.271939396858215
1121,8.766933679580688
1122,2.773442566394806
1123,8.736774325370789
1124,5.6550151109695435
1125,7.246394157409668
1126,8.03051471710205
1127,5.694877505302429
1128,8.609256148338318
1129,9.132370948791504
1130,0.5003999546170235
1131,7.259208559989929
1132,9.390929341316223
1133,1.0610005259513855
1134,9.342278242111206
1135,9.805671572685242
1136,9.10711944103241
1137,0.5705713108181953
1138,5.891925692558289
1139,1.2022330611944199
1140,9.375530481338501
1141,0.698520690202713
1142,9.255351424217224
1143,3.8281384110450745
1144,2.18361034989357
1145,1.3467825949192047
1146,2.5864562392234802
1147,8.931357860565186
1148,9.658989310264587
1149,0.9703189134597778
1150,1.8225082755088806
1151,4.408439099788666
1152,6.471054553985596
1153,8.29915463924408
1154,1.2244418263435364
1155,8.62413465976715
1156,0.9726672619581223
1157,8.083616495132446
1158,5.213313698768616
1159,0.3789776563644409
1160,3.6187154054641724
1161,8.759040236473083
1162,3.8527828454971313
1163,0.5099702626466751
1164,0.8753648400306702
1165,8.862838745117188
1166,8.73572826385498
1167,9.107668399810791
1168,9.16148066520691
1169,8.291606307029724
1170,0.9667909890413284
1171,1.2999285757541656
1172,1.0385539382696152
1173,0.715402215719223
1174,9.223348498344421
1175,8.889301419258118
1176,2.538510262966156
1177,9.133985042572021
1178,9.036158919334412
1179,1.2452006340026855
1180,9.671292304992676
1181,1.0465796291828156
1182,0.8923385292291641
1183,8.500500321388245
1184,9.620922207832336
1185,9.443908929824829
1186,1.5267299115657806
1187,8.824425339698792
1188,9.144107103347778
1189,7.385985851287842
1190,8.690363764762878
1191,9.167765378952026
1192,5.720444321632385
1193,1.3031120598316193
1194,9.044696688652039
1195,9.395532011985779
1196,9.311673045158386
1197,0.6003913283348083
1198,9.499582052230835
1199,9.576911330223083
1200,3.8799726963043213
1201,2.0786432921886444
1202,1.862572729587555
1203,2.721213698387146
1204,8.606892824172974
1205,9.207068681716919
1206,2.65622079372406
1207,0.9215214848518372
1208,2.3042893409729004
1209,6.137502193450928
1210,2.676764726638794
1211,1.8145444989204407
1212,8.771895170211792
1213,9.130946397781372
1214,0.7043039053678513
1215,2.5285661220550537
1216,7.269220948219299
1217,1.6997592151165009
1218,0.7786137610673904
1219,0.9297336637973785
1220,9.082497358322144
1221,1.7445209622383118
1222,3.4456059336662292
1223,7.143482565879822
1224,0.8029663562774658
1225,8.765757083892822
1226,2.2246918082237244
1227,9.03447151184082
1228,0.7428503036499023
1229,2.0819568634033203
1230,1.0765785723924637
1231,7.86257266998291
1232,9.012812972068787
1233,8.993141055107117
1234,8.940820693969727
1235,0.7830056548118591
1236,2.3186637461185455
1237,8.360664248466492
1238,8.962924480438232
1239,4.618276059627533
1240,9.11594569683075
1241,9.551922082901001
1242,7.111676335334778
1243,0.5673671141266823
1244,8.757986426353455
1245,5.492059588432312
1246,2.233261913061142
1247,4.454485476016998
1248,9.415712356567383
1249,9.42154347896576
1250,8.028016090393066
1251,9.472827315330505
1252,9.198262095451355
1253,5.740227699279785
1254,2.336031347513199
1255,1.208653450012207
1256,8.542560935020447
1257,1.211177259683609
1258,9.030126929283142
1259,1.2494365125894547
1260,6.00940465927124
1261,1.0573970526456833
1262,8.610785007476807
1263,7.819410562515259
1264,9.242748618125916
1265,8.146792650222778
1266,0.6670744717121124
1267,0.8320767432451248
1268,3.0459362268447876
1269,9.070293307304382
1270,8.400594592094421
1271,2.578752636909485
1272,9.278824925422668
1273,9.06469464302063
1274,8.36161196231842
1275,8.912041783332825
1276,9.446442127227783
1277,9.209983944892883
1278,7.793093323707581
1279,2.7293166518211365
1280,0.9071062505245209
1281,8.829536437988281
1282,9.151800274848938
1283,9.011736512184143
1284,9.235225319862366
1285,3.3496764302253723
1286,8.943684101104736
1287,2.259685844182968
1288,7.793855667114258
1289,1.3124917447566986
1290,9.117023348808289
1291,0.6116192042827606
1292,8.547717928886414
1293,0.6411296874284744
1294,1.5172728896141052
1295,8.378676176071167
1296,2.7368059754371643
1297,9.30890679359436
1298,9.760152697563171
1299,9.139889478683472
1300,9.05116617679596
1301,9.548507332801819
1302,2.970287799835205
1303,9.660349488258362
1304,1.9508877396583557
1305,8.969417214393616
1306,2.8925439715385437
1307,1.3797476887702942
1308,8.293495774269104
1309,0.6783461570739746
1310,3.6553925275802612
1311,7.191581130027771
1312,0.8729710429906845
1313,4.81894463300705
1314,9.514598846435547
1315,8.9762544631958
1316,2.9104164242744446
1317,9.074949026107788
1318,8.084771633148193
1319,9.384354948997498
1320,1.992887705564499
1321,3.650025725364685
1322,7.709652781486511
1323,8.269879221916199
1324,0.8416729420423508
1325,0.5319013819098473
1326,8.533562421798706
1327,3.318639099597931
1328,9.252270460128784
1329,8.134889602661133
1330,8.427104949951172
1331,9.464235305786133
1332,1.234566569328308
1333,9.487146735191345
1334,1.4698269963264465
1335,9.30700957775116
1336,9.300885200500488
1337,1.6695450246334076
1338,3.7652671337127686
1339,0.6985553354024887
1340,2.4094147980213165
1341,8.942457437515259
1342,4.9151915311813354
1343,7.131752371788025
1344,1.8320633471012115
1345,2.023865282535553
1346,0.9001621603965759
1347,9.587637186050415
1348,2.3867660760879517
1349,1.971910297870636
1350,5.349090099334717
1351,9.444177150726318
1352,0.9766747802495956
1353,8.25674057006836
1354,8.926730155944824
1355,4.273514449596405
1356,4.634837806224823
1357,9.17539119720459
1358,2.3046675324440002
1359,4.704253971576691
1360,1.4592285454273224
1361,1.1634837836027145
1362,7.712153196334839
1363,9.092054963111877
1364,7.1251678466796875
1365,9.046080708503723
1366,6.08933687210083
1367,8.863413333892822
1368,9.70301866531372
1369,9.118274450302124
1370,9.630887508392334
1371,9.30173933506012
1372,8.65285038948059
1373,9.05352532863617
1374,1.291031837463379
1375,8.963344693183899
1376,7.257222533226013
1377,8.707255125045776
1378,0.9325071424245834
1379,7.315720915794373
1380,9.28174912929535
1381,0.8865118026733398
1382,8.148944973945618
1383,3.176719546318054
1384,0.7784180343151093
1385,8.945014476776123
1386,2.06869974732399
1387,9.447084069252014
1388,2.4351803958415985
1389,9.637775421142578
1390,1.8306268751621246
1391,9.107789993286133
1392,7.284213900566101
1393,9.789463877677917
1394,9.480773210525513
1395,8.98582398891449
1396,8.851268887519836
1397,2.4591095745563507
1398,8.43406617641449
1399,1.3338783383369446
1400,7.9819947481155396
1401,8.91807496547699
1402,8.565521836280823
1403,8.672446012496948
1404,7.302318215370178
1405,8.086894154548645
1406,9.601348638534546
1407,8.763213753700256
1408,8.712961673736572
1409,2.0949648320674896
1410,8.194535374641418
1411,2.805686891078949
1412,4.8178210854530334
1413,8.616177439689636
1414,9.487789273262024
1415,8.565199971199036
1416,9.3491530418396
1417,1.1320504546165466
1418,9.1664320230484
1419,0.7953429967164993
1420,8.608790040016174
1421,1.0758499056100845
1422,9.657377004623413
1423,8.383459448814392
1424,9.390420317649841
1425,8.963375687599182
1426,8.835811614990234
1427,9.252528548240662
1428,0.799330547451973
1429,8.652265071868896
1430,1.550019532442093
1431,1.0520199686288834
1432,7.782689332962036
1433,1.0878393054008484
1434,8.55154573917389
1435,1.5182216465473175
1436,1.4228160679340363
1437,1.1716223508119583
1438,9.39441978931427
1439,0.6437727063894272
1440,1.6805730760097504
1441,0.9675554186105728
1442,9.172140955924988
1443,9.244319796562195
1444,8.607690930366516
1445,1.3092811405658722
1446,4.430271685123444
1447,2.6857170462608337
1448,1.169026643037796
1449,9.338728189468384
1450,1.3640609383583069
1451,9.128798246383667
1452,7.202894687652588
1453,8.705990314483643
1454,9.14452075958252
1455,9.320427775382996
1456,1.0316794365644455
1457,3.043610155582428
1458,4.2034584283828735
1459,9.361873865127563
1460,9.022733569145203
1461,8.442336916923523
1462,0.8731047809123993
1463,5.130765438079834
1464,9.288823008537292
1465,1.4116807281970978
1466,8.5554838180542
1467,0.35304173827171326
1468,7.928528189659119
1469,2.242220491170883
1470,1.2801943719387054
1471,9.651468992233276
1472,1.3263069093227386
1473,7.989866733551025
1474,2.000487595796585
1475,2.06194669008255
1476,9.525315165519714
1477,9.372134804725647
1478,8.995294570922852
1479,1.2701812386512756
1480,8.621799349784851
1481,8.999939560890198
1482,9.072095155715942
1483,1.8613246083259583
1484,8.979104161262512
1485,8.671436309814453
1486,8.463426232337952
1487,3.3056315779685974
1488,4.367794692516327
1489,4.113513827323914
1490,7.759073972702026
1491,8.357995748519897
1492,7.06363320350647
1493,8.7139230966568
1494,8.331263065338135
1495,9.38120722770691
1496,9.05868649482727
1497,1.5493057668209076
1498,8.582649827003479
1499,2.518923282623291
1500,8.949453234672546
1501,2.4200791120529175
1502,3.6753010749816895
1503,6.50276243686676
1504,9.194098114967346
1505,9.185357689857483
1506,0.7785873860120773
1507,8.866039514541626
1508,0.8037367463111877
1509,0.6561187654733658
1510,7.805640697479248
1511,5.310630798339844
1512,7.899631857872009
1513,0.6070275604724884
1514,1.2279459834098816
1515,4.139586985111237
1516,0.7487048953771591
1517,0.7461110502481461
1518,9.305219650268555
1519,1.101720929145813
1520,9.02247965335846
1521,9.380082488059998
1522,9.11972165107727
1523,9.238390326499939
1524,0.7463417947292328
1525,8.966043591499329
1526,1.4783501625061035
1527,8.750246167182922
1528,8.71504545211792
1529,9.282640218734741
1530,3.626619875431061
1531,8.822237849235535
1532,0.7221931964159012
1533,2.2038649022579193
1534,3.8151946663856506
1535,1.14440456032753
1536,9.221611022949219
1537,0.8818785846233368
1538,9.848122596740723
1539,9.084133505821228
1540,9.22953188419342
1541,1.813618540763855
1542,9.444306492805481
1543,9.128629565238953
1544,6.2029582262039185
1545,3.2904353737831116
1546,2.387421131134033
1547,2.388429641723633
1548,9.781323671340942
1549,8.656800985336304
1550,8.63457441329956
1551,1.087082326412201
1552,9.377182722091675
1553,9.14517343044281
1554,8.367742896080017
1555,8.773578405380249
1556,8.674582839012146
1557,7.965424656867981
1558,1.0022655874490738
1559,3.016273081302643
1560,1.3581041991710663
1561,0.9333275258541107
1562,8.24014663696289
1563,1.9667011499404907
1564,9.75583791732788
1565,2.730967402458191
1566,2.732742428779602
1567,2.4590741097927094
1568,4.759551286697388
1569,9.294118285179138
1570,2.176925390958786
1571,8.610207438468933
1572,2.143082916736603
1573,2.317854166030884
1574,1.6137553751468658
1575,9.298403859138489
1576,8.519083857536316
1577,9.277324676513672
1578,0.7572708278894424
1579,0.6691478937864304
1580,8.790282607078552
1581,8.922972679138184
1582,9.53402578830719
1583,8.667023181915283
1584,1.3810400664806366
1585,8.36566686630249
1586,8.046157956123352
1587,9.242105484008789
1588,8.700528144836426
1589,9.060631394386292
1590,8.927439451217651
1591,8.983662724494934
1592,1.4303098618984222
1593,9.260507225990295
1594,8.14470887184143
1595,9.156062602996826
1596,8.893546462059021
1597,3.4400808811187744
1598,8.885754346847534
1599,6.281107068061829
1600,8.68703544139862
1601,8.338494300842285
1602,8.18149209022522
1603,8.3101224899292
1604,6.577228307723999
1605,9.011870622634888
1606,9.44733202457428
1607,2.8441765904426575
1608,8.419073224067688
1609,9.352598190307617
1610,8.729819059371948
1611,8.791012167930603
1612,9.29175317287445
1613,8.660532236099243
1614,1.3927538692951202
1615,1.7288453876972198
1616,9.593681693077087
1617,7.792918682098389
1618,8.003073334693909
1619,1.512763500213623
1620,0.8209142088890076
1621,8.75389039516449
1622,7.801572680473328
1623,2.245465964078903
1624,1.32078617811203
1625,7.856375575065613
1626,8.158267736434937
1627,8.640373945236206
1628,1.1973150819540024
1629,8.901880383491516
1630,8.40076208114624
1631,8.767054677009583
1632,8.291817903518677
1633,9.465416669845581
1634,7.605021595954895
1635,0.931890457868576
1636,2.366939038038254
1637,6.814255118370056
1638,1.078183799982071
1639,1.3341575860977173
1640,9.218809604644775
1641,9.028300046920776
1642,8.41861605644226
1643,0.840393677353859
1644,8.92193078994751
1645,0.8555832505226135
1646,8.576422333717346
1647,0.7949621975421906
1648,8.468559384346008
1649,9.19417917728424
1650,0.7569344341754913
1651,2.6877620816230774
1652,9.481549263000488
1653,2.4654027819633484
1654,8.825116157531738
1655,1.13267682492733
1656,9.012725949287415
1657,1.4870840311050415
1658,6.2137770652771
1659,0.9545131027698517
1660,1.194886788725853
1661,8.265492916107178
1662,2.7797186374664307
1663,0.91688372194767
1664,9.501543641090393
1665,9.217352867126465
1666,8.941395282745361
1667,0.6673536449670792
1668,0.708688348531723
1669,1.7584745585918427
1670,8.445100784301758
1671,9.132636785507202
1672,8.471783995628357
1673,1.4821673929691315
1674,1.3600796461105347
1675,9.637898206710815
1676,9.070582389831543
1677,9.204545617103577
1678,8.822189569473267
1679,9.309273958206177
1680,8.796095848083496
1681,9.065996408462524
1682,8.763617277145386
1683,8.524113297462463
1684,0.9578807651996613
1685,5.387048721313477
1686,8.050003051757812
1687,6.249414682388306
1688,8.158413171768188
1689,1.0882391780614853
1690,9.848122596740723
1691,7.858773469924927
1692,9.632607102394104
1693,2.573503255844116
1694,8.500686287879944
1695,0.950741246342659
1696,7.353719472885132
1697,1.697724163532257
1698,8.690173625946045
1699,9.042215347290039
1700,8.937397003173828
1701,9.005383253097534
1702,1.1074814945459366
1703,8.69678020477295
1704,9.088813066482544
1705,8.879238963127136
1706,8.735665678977966
1707,8.854820728302002
1708,9.262639880180359
1709,9.414912462234497
1710,8.441881537437439
1711,9.09683108329773
1712,3.190700113773346
1713,0.7707133144140244
1714,9.203497767448425
1715,9.343705773353577
1716,1.2104138731956482
1717,0.4917413741350174
1718,8.573837280273438
1719,8.392916321754456
1720,8.832046389579773
1721,1.013110727071762
1722,9.451631903648376
1723,8.64983320236206
1724,8.772075772285461
1725,8.55198323726654
1726,6.839067339897156
1727,8.783520460128784
1728,1.9461189210414886
1729,1.380559504032135
1730,9.443647861480713
1731,9.492425322532654
1732,8.920734524726868
1733,2.514612376689911
1734,9.602153897285461
1735,9.17117714881897
1736,8.717879056930542
1737,9.016080498695374
1738,1.5602920949459076
1739,8.916789293289185
1740,9.167693257331848
1741,9.246609210968018
1742,1.408039629459381
1743,8.885042071342468
1744,1.3199414312839508
1745,9.334051012992859
1746,8.62996220588684
1747,8.7069571018219
1748,8.704162836074829
1749,2.0618417859077454
1750,8.72416079044342
1751,7.790628671646118
1752,1.3880647718906403
1753,3.691142201423645
1754,1.2147527188062668
1755,8.355112075805664
1756,1.2945424020290375
1757,1.3586746156215668
1758,9.143989086151123
1759,8.600093722343445
1760,2.492763251066208
1761,8.984877467155457
1762,9.115033149719238
1763,9.534644484519958
1764,1.2873069941997528
1765,8.67066740989685
1766,8.910876512527466
1767,8.943477272987366
1768,3.321581482887268
1769,9.275416731834412
1770,1.1592072993516922
1771,9.064892530441284
1772,9.258108139038086
1773,8.590337634086609
1774,8.634814023971558
1775,0.7472143322229385
1776,2.6657572388648987
1777,9.13668692111969
1778,8.687722086906433
1779,8.820687532424927
1780,1.4516736567020416
1781,9.311366081237793
1782,9.307536482810974
1783,0.9590750932693481
1784,7.742283940315247
1785,9.166141748428345
1786,8.814324736595154
1787,9.454524517059326
1788,2.1071064472198486
1789,8.989759683609009
1790,0.45884978026151657
1791,2.209225594997406
1792,9.624466300010681
1793,8.317146301269531
1794,8.911377787590027
1795,8.33345890045166
1796,8.898298144340515
1797,8.961818218231201
1798,8.906485438346863
1799,7.275918126106262
1800,1.8898922204971313
1801,7.956171035766602
1802,1.123252734541893
1803,9.198395013809204
1804,3.1630581617355347
1805,9.202067255973816
1806,9.074158072471619
1807,9.455464482307434
1808,9.032584428787231
1809,9.386168122291565
1810,3.2521700859069824
1811,8.055155873298645
1812,0.968887135386467
1813,9.325129985809326
1814,8.652995228767395
1815,8.25404405593872
1816,8.796806931495667
1817,0.7953450828790665
1818,9.031643867492676
1819,9.762883186340332
1820,9.179009795188904
1821,9.031792879104614
1822,8.430743217468262
1823,0.8271380513906479
1824,1.279163807630539
1825,9.150050282478333
1826,8.842905163764954
1827,0.8988018333911896
1828,8.598262667655945
1829,1.6767171025276184
1830,9.445995688438416
1831,9.087133407592773
1832,8.782476782798767
1833,0.32338883727788925
1834,4.004174470901489
1835,9.397556781768799
1836,5.436936616897583
1837,1.3707810640335083
1838,9.302232265472412
1839,4.263259172439575
1840,7.111693620681763
1841,9.554843306541443
1842,9.066476821899414
1843,9.249127507209778
1844,8.701934814453125
1845,2.931864857673645
1846,8.255204558372498
1847,8.864096999168396
1848,9.215970039367676
1849,5.122659802436829
1850,0.5870087072253227
1851,9.207830429077148
1852,1.2933357059955597
1853,0.45739229768514633
1854,9.372262358665466
1855,9.471864700317383
1856,7.92159378528595
1857,1.0318069905042648
1858,1.6873851418495178
1859,1.8662039935588837
1860,5.627221465110779
1861,0.3900649771094322
1862,5.399273037910461
1863,2.6431864500045776
1864,2.1122562885284424
1865,9.043056964874268
1866,1.2743908166885376
1867,8.465173840522766
1868,8.91589105129242
1869,9.20407235622406
1870,5.436738729476929
1871,9.34278666973114
1872,8.310428261756897
1873,3.5513919591903687
1874,8.940592408180237
1875,1.4403945207595825
1876,9.354912638664246
1877,9.828599095344543
1878,7.415377497673035
1879,9.067380428314209
1880,8.899646401405334
1881,8.451647162437439
1882,1.4023947715759277
1883,8.768846988677979
1884,1.0762573033571243
1885,8.831399083137512
1886,1.246664971113205
1887,1.979999840259552
1888,8.732600808143616
1889,8.64202082157135
1890,0.6954408437013626
1891,2.6446181535720825
1892,8.86509358882904
1893,1.248062551021576
1894,2.9418689012527466
1895,9.140371680259705
1896,6.571507453918457
1897,6.088206768035889
1898,9.047776460647583
1899,9.084498882293701
1900,9.046573638916016
1901,7.719427943229675
1902,8.825699090957642
1903,8.715118169784546
1904,9.096808433532715
1905,2.1564076840877533
1906,0.6669501215219498
1907,8.53681743144989
1908,1.1350563913583755
1909,1.7223377525806427
1910,0.7379914075136185
1911,1.3055533170700073
1912,0.7208173722028732
1913,0.5883055180311203
1914,8.697117567062378
1915,8.882900476455688
1916,1.6082032024860382
1917,8.951072096824646
1918,1.6938616335391998
1919,1.5872666239738464
1920,8.919116258621216
1921,9.030683040618896
1922,9.297161102294922
1923,9.669983386993408
1924,1.0216828435659409
1925,9.173188209533691
1926,3.0049091577529907
1927,8.083292245864868
1928,1.3505694270133972
1929,9.089144468307495
1930,3.560914695262909
1931,2.4093973636627197
1932,9.059696197509766
1933,8.296230435371399
1934,8.607099056243896
1935,3.3250176906585693
1936,8.143309354782104
1937,9.017881155014038
1938,9.685938954353333
1939,9.198397397994995
1940,1.27883180975914
1941,8.969931602478027
1942,1.4973579347133636
1943,1.0965394973754883
1944,9.016931056976318
1945,8.983699083328247
1946,8.350371718406677
1947,9.306523203849792
1948,7.131834626197815
1949,7.677898406982422
1950,8.953856229782104
1951,9.152806997299194
1952,0.5478305742144585
1953,1.937927007675171
1954,9.232742190361023
1955,3.3135345578193665
1956,8.65030288696289
1957,8.662482500076294
1958,9.101423025131226
1959,9.044066071510315
1960,1.1605220288038254
1961,7.97024667263031
1962,5.820608139038086
1963,3.0020901560783386
1964,9.257903695106506
1965,9.588633179664612
1966,6.727733016014099
1967,1.2564653158187866
1968,7.883960604667664
1969,8.923943638801575
1970,1.3155245780944824
1971,1.575731337070465
1972,7.613160014152527
1973,9.44500744342804
1974,9.048376679420471
1975,2.7827900648117065
1976,2.8185847401618958
1977,9.20216679573059
1978,1.452144831418991
1979,9.004341959953308
1980,8.372893929481506
1981,3.00358384847641
1982,2.640235126018524
1983,1.4827990531921387
1984,8.784458637237549
1985,9.458130598068237
1986,0.8102614432573318
1987,1.3225221633911133
1988,8.930434584617615
1989,8.859500885009766
1990,8.92943263053894
1991,1.9044221937656403
1992,9.34358298778534
1993,1.1234648525714874
1994,0.42686954140663147
1995,8.966233134269714
1996,0.5978764221072197
1997,0.619209036231041
1998,2.0195679366588593
1999,3.199004828929901
2000,8.997870087623596
2001,6.221320033073425
2002,9.289388060569763
2003,2.954345941543579
2004,3.0544179677963257
2005,8.841633796691895
2006,1.4421910047531128
2007,9.296756982803345
2008,9.335330724716187
2009,3.345150351524353
2010,3.1705766916275024
2011,9.039725661277771
2012,9.768665432929993
2013,1.7099542915821075
2014,1.1196335405111313
2015,1.5204083919525146
2016,9.420889616012573
2017,9.288978576660156
2018,1.0352294147014618
2019,0.8089444041252136
2020,2.679356634616852
2021,8.850502371788025
2022,5.531265735626221
2023,8.852288126945496
2024,1.6346219182014465
2025,8.797062635421753
2026,9.138956665992737
2027,7.2996509075164795
2028,8.64638864994049
2029,9.689757227897644
2030,2.4232272803783417
2031,9.12049412727356
2032,9.271703362464905
2033,8.682331442832947
2034,1.9084523618221283
2035,9.071496725082397
2036,0.782560408115387
2037,1.6246886551380157
2038,8.38485836982727
2039,2.854408919811249
2040,1.2371821701526642
2041,9.337994456291199
2042,8.731133937835693
2043,0.735672116279602
2044,9.359590411186218
2045,5.943203568458557
2046,7.492911219596863
2047,9.633377194404602
2048,4.619454443454742
2049,8.750823140144348
2050,9.239475727081299
2051,6.4284175634384155
2052,5.7367247343063354
2053,0.8874977380037308
2054,4.119550585746765
2055,9.221975803375244
2056,8.416172862052917
2057,8.978573679924011
2058,9.299926161766052
2059,9.200623035430908
2060,8.392996788024902
2061,0.9596863389015198
2062,1.6626909375190735
2063,1.7356681823730469
2064,8.399831056594849
2065,0.27632441371679306
2066,9.03499186038971
2067,5.884182453155518
2068,5.571892857551575
2069,9.620587825775146
2070,9.08814013004303
2071,9.282899498939514
2072,1.7933978140354156
2073,6.519268751144409
2074,8.750053644180298
2075,1.0088308155536652
2076,8.911681771278381
2077,2.03322634100914
2078,1.7022213339805603
2079,5.81021785736084
2080,1.914687305688858
2081,8.96734356880188
2082,8.96827220916748
2083,8.546730279922485
2084,1.5716087818145752
2085,0.48229802399873734
2086,8.92250120639801
2087,0.6420653313398361
2088,1.711260974407196
2089,8.503834009170532
2090,8.606801629066467
2091,8.928608298301697
2092,9.056461453437805
2093,1.5166372060775757
2094,2.0329900085926056
2095,0.9692097455263138
2096,7.9534125328063965
2097,3.6499086022377014
2098,0.6937418133020401
2099,3.3745819330215454
2100,8.034042119979858
2101,1.2591876089572906
2102,9.038265943527222
2103,8.723381757736206
2104,0.5891816318035126
2105,9.30698812007904
2106,8.06037425994873
2107,9.080037474632263
2108,8.919028639793396
2109,9.604593515396118
2110,8.381392359733582
2111,8.916904926300049
2112,8.440093994140625
2113,8.77973198890686
2114,8.405687808990479
2115,0.9280934929847717
2116,9.128134846687317
2117,8.854069709777832
2118,2.034703642129898
2119,1.0479021072387695
2120,0.7065831869840622
2121,0.9984543919563293
2122,8.652949333190918
2123,8.923629522323608
2124,8.474456071853638
2125,9.10202145576477
2126,8.62255871295929
2127,9.154860973358154
2128,8.868627548217773
2129,8.125958442687988
2130,8.647541403770447
2131,8.189698457717896
2132,1.8194212019443512
2133,6.423075795173645
2134,2.542254626750946
2135,7.384461760520935
2136,9.055176973342896
2137,8.766162395477295
2138,7.179775238037109
2139,9.01203453540802
2140,0.779283419251442
2141,8.612167835235596
2142,8.658559322357178
2143,7.831181287765503
2144,2.3075634241104126
2145,4.817439913749695
2146,3.2031309604644775
2147,9.781266450881958
2148,1.7472591996192932
2149,1.8317040801048279
2150,7.594408988952637
2151,9.212090373039246
2152,8.926029205322266
2153,8.016272783279419
2154,9.011425375938416
2155,1.2684111297130585
2156,9.255197048187256
2157,9.148920774459839
2158,9.242357015609741
2159,0.7920987159013748
2160,1.143527328968048
2161,7.960526943206787
2162,2.845747172832489
2163,2.0624664425849915
2164,9.001424908638
2165,8.548324704170227
2166,1.0730905085802078
2167,8.997538089752197
2168,7.192784547805786
2169,8.979108333587646
2170,0.584770180284977
2171,8.659008145332336
2172,9.316120147705078
2173,1.148863285779953
2174,9.334825873374939
2175,9.322090148925781
2176,0.617065541446209
2177,8.329920172691345
2178,0.9217005968093872
2179,7.759826183319092
2180,0.7022612541913986
2181,8.967405557632446
2182,9.197402596473694
2183,8.465510606765747
2184,1.5418264269828796
2185,6.261634826660156
2186,1.2679396569728851
2187,8.666937351226807
2188,9.407974481582642
2189,1.630745530128479
2190,1.3860408961772919
2191,7.846758961677551
2192,7.1839940547943115
2193,1.1878876388072968
2194,6.301358342170715
2195,8.678061962127686
2196,1.8736746907234192
2197,9.682437181472778
2198,8.40466022491455
2199,8.488566875457764
2200,9.367037415504456
2201,8.697772026062012
2202,7.819623947143555
2203,1.4034193754196167
2204,9.357056021690369
2205,1.5406470000743866
2206,0.8369095623493195
2207,0.8704493194818497
2208,6.605895757675171
2209,8.274754285812378
2210,9.262959361076355
2211,2.7394098043441772
2212,8.091950416564941
2213,8.513661623001099
2214,2.7987396717071533
2215,8.81393313407898
2216,8.968232274055481
2217,8.944821953773499
2218,8.601884841918945
2219,0.7061390578746796
2220,3.0827754735946655
2221,8.396610021591187
2222,8.60533058643341
2223,8.900380730628967
2224,9.108470678329468
2225,9.474017024040222
2226,9.208421111106873
2227,9.57512378692627
2228,0.99441297352314
2229,8.241071105003357
2230,1.6605429351329803
2231,8.39384913444519
2232,8.113088607788086
2233,1.2914468348026276
2234,5.2095723152160645
2235,8.948469758033752
2236,0.8697497099637985
2237,1.2111207842826843
2238,9.19894278049469
2239,7.548168301582336
2240,2.701844274997711
2241,9.251896142959595
2242,5.5186498165130615
2243,0.953386053442955
2244,8.399783968925476
2245,9.113128185272217
2246,8.342994451522827
2247,9.194865226745605
2248,1.4000475406646729
2249,0.9749364107847214
2250,2.4618566036224365
2251,3.3738860487937927
2252,9.169293642044067
2253,1.925283968448639
2254,8.67204487323761
2255,9.137805700302124
2256,2.157628983259201
2257,1.9768095016479492
2258,2.9498687386512756
2259,1.1253874003887177
2260,1.2622930109500885
2261,2.3958224058151245
2262,1.4243243634700775
2263,0.9300907701253891
2264,3.2555294036865234
2265,0.880163386464119
2266,2.8009212017059326
2267,8.784953355789185
2268,9.468098878860474
2269,8.409777283668518
2270,2.336936593055725
2271,8.76560628414154
2272,1.2981562316417694
2273,1.0315047204494476
2274,9.236329197883606
2275,0.8511552959680557
2276,0.9085125476121902
2277,1.9152964651584625
2278,0.8358814567327499
2279,8.064250349998474
2280,9.041354656219482
2281,1.5806037187576294
2282,6.019289493560791
2283,7.3032718896865845
2284,6.056738495826721
2285,3.34943950176239
2286,0.6104929745197296
2287,9.085206985473633
2288,0.9294100105762482
2289,7.0591700077056885
2290,7.635411620140076
2291,1.9155482947826385
2292,1.4137539267539978
2293,9.208384156227112
2294,8.881845474243164
2295,8.698295950889587
2296,0.8186689019203186
2297,7.565831542015076
2298,9.138386845588684
2299,9.231575727462769
2300,8.556036949157715
2301,8.366021513938904
2302,1.4886479079723358
2303,8.288947343826294
2304,8.530980944633484
2305,8.567153215408325
2306,1.0834238678216934
2307,1.1077120900154114
2308,0.45424044132232666
2309,8.820181488990784
2310,9.011425375938416
2311,7.875880599021912
2312,9.392321109771729
2313,5.25865912437439
2314,8.728314638137817
2315,1.1312651634216309
2316,9.663497805595398
2317,9.193423986434937
2318,9.528050422668457
2319,3.5795921087265015
2320,1.7524175345897675
2321,9.007693529129028
2322,9.118291139602661
2323,8.866267800331116
2324,0.4918446019291878
2325,8.828834891319275
2326,8.648268580436707
2327,8.593435883522034
2328,8.458640575408936
2329,1.288418024778366
2330,8.815638422966003
2331,8.127453327178955
2332,8.694210648536682
2333,8.596988916397095
2334,0.4255705326795578
2335,2.9341602325439453
2336,1.4070029556751251
2337,8.79328727722168
2338,1.6603170335292816
2339,9.57687258720398
2340,1.4164626598358154
2341,0.8094047009944916
2342,1.0819221287965775
2343,2.7151522040367126
2344,0.4936980828642845
2345,1.3920387625694275
2346,9.632958769798279
2347,2.092055380344391
2348,8.799140453338623
2349,8.677058815956116
2350,0.5383878573775291
2351,9.009100794792175
2352,9.062176942825317
2353,9.124274253845215
2354,4.905339777469635
2355,8.570941090583801
2356,2.9188567399978638
2357,3.770281672477722
2358,9.60265338420868
2359,8.644182085990906
2360,8.728936910629272
2361,9.49269711971283
2362,8.05621862411499
2363,9.33607816696167
2364,8.941256999969482
2365,9.168556928634644
2366,9.197490215301514
2367,9.181268215179443
2368,8.518582582473755
2369,8.950544595718384
2370,9.70365822315216
2371,0.3901984915137291
2372,8.583305478096008
2373,5.153937935829163
2374,8.901607394218445
2375,2.1946556866168976
2376,9.193049669265747
2377,9.552894830703735
2378,9.301499724388123
2379,9.664068818092346
2380,8.159173130989075
2381,9.2132169008255
2382,4.248350560665131
2383,9.124049544334412
2384,1.9392216205596924
2385,1.24452143907547
2386,7.2798240184783936
2387,9.285796284675598
2388,7.806701064109802
2389,9.252139925956726
2390,9.482492208480835
2391,0.8405415713787079
2392,3.0696558952331543
2393,8.556715846061707
2394,7.632997632026672
2395,1.6730256378650665
2396,9.192612171173096
2397,2.912410795688629
2398,8.968557715415955
2399,9.290688037872314
2400,2.7621784806251526
2401,8.540022373199463
2402,3.773947060108185
2403,9.492154717445374
2404,1.6653946042060852
2405,8.608607053756714
2406,8.971577286720276
2407,9.062233567237854
2408,3.5390472412109375
2409,9.1694176197052
2410,1.5155282616615295
2411,1.7777720093727112
2412,9.240817427635193
2413,8.905611634254456
2414,9.352968335151672
2415,9.087189435958862
2416,8.903084993362427
2417,9.08779501914978
2418,1.7711251974105835
2419,8.977465033531189
2420,9.75140392780304
2421,8.607882857322693
2422,0.5381131917238235
2423,1.4846670627593994
2424,9.129430055618286
2425,9.171608090400696
2426,0.9895095974206924
2427,1.2919996678829193
2428,5.28336226940155
2429,5.179433226585388
2430,9.219909310340881
2431,0.5493870377540588
2432,9.539809226989746
2433,7.925519943237305
2434,8.780010342597961
2435,3.784329891204834
2436,0.6391574442386627
2437,0.6922314316034317
2438,9.626770615577698
2439,9.299668669700623
2440,2.824489176273346
2441,9.354200959205627
2442,2.080589085817337
2443,0.34751687198877335
2444,3.2591813802719116
2445,9.041516780853271
2446,2.8158336877822876
2447,0.5778615921735764
2448,1.234147623181343
2449,1.3856932520866394
2450,0.46412359923124313
2451,8.040786385536194
2452,1.3712486624717712
2453,2.438899874687195
2454,0.842442587018013
2455,8.968420028686523
2456,9.0895015001297
2457,9.607689380645752
2458,2.4960745871067047
2459,8.938884139060974
2460,8.347474932670593
2461,1.6516079008579254
2462,9.34949815273285
2463,1.7078594863414764
2464,9.023442268371582
2465,9.228253364562988
2466,3.280697762966156
2467,9.617903232574463
2468,9.16762888431549
2469,3.393329381942749
2470,8.520808219909668
2471,1.3351848721504211
2472,9.379136562347412
2473,9.353731870651245
2474,8.993431329727173
2475,9.308914542198181
2476,9.605414271354675
2477,1.4616011083126068
2478,1.722918450832367
2479,1.2898533046245575
2480,7.663931250572205
2481,2.946830093860626
2482,9.561582803726196
2483,1.7830069363117218
2484,5.574254393577576
2485,9.371593594551086
2486,1.0482819378376007
2487,9.319881200790405
2488,6.109277606010437
2489,9.187684655189514
2490,8.932560682296753
2491,9.192463159561157
2492,1.2296020984649658
2493,8.02641212940216
2494,9.207231998443604
2495,1.9512169063091278
2496,0.6581933796405792
2497,2.815311551094055
2498,1.9819332659244537
2499,9.087578058242798
2500,2.2633272409439087
2501,0.9414982050657272
2502,8.98247241973877
2503,0.7378997653722763
2504,8.842419385910034
2505,8.931461572647095
2506,9.499556422233582
2507,7.6588815450668335
2508,2.051299512386322
2509,9.032580256462097
2510,1.585058867931366
2511,9.311074614524841
2512,9.355075359344482
2513,4.274827539920807
2514,9.5016610622406
2515,6.357013583183289
2516,7.939758896827698
2517,8.080434203147888
2518,6.137863993644714
2519,0.8353009074926376
2520,8.780568242073059
2521,8.633041977882385
2522,8.889800906181335
2523,8.316983580589294
2524,0.5271242558956146
2525,5.466551780700684
2526,1.3283872604370117
2527,8.944098949432373
2528,9.796788692474365
2529,8.80863070487976
2530,9.211336970329285
2531,1.6645978391170502
2532,8.859907984733582
2533,1.2519116699695587
2534,9.191705584526062
2535,1.6224364936351776
2536,0.9659968316555023
2537,8.904330730438232
2538,9.284396171569824
2539,1.9756804406642914
2540,8.965339064598083
2541,9.010543823242188
2542,0.9096731245517731
2543,7.952033281326294
2544,0.7991510629653931
2545,8.062623739242554
2546,0.7595597952604294
2547,7.493974566459656
2548,1.241423562169075
2549,9.097024202346802
2550,9.470198154449463
2551,8.866596221923828
2552,8.412940502166748
2553,8.992791175842285
2554,9.184922575950623
2555,1.990678757429123
2556,1.1797532439231873
2557,5.326234698295593
2558,9.206190705299377
2559,9.659339785575867
2560,8.898820281028748
2561,3.0410388112068176
2562,0.840609148144722
2563,8.734394907951355
2564,8.315175175666809
2565,9.303430318832397
2566,1.5850912034511566
2567,1.522131860256195
2568,1.514141708612442
2569,8.709121942520142
2570,9.31618332862854
2571,1.4852739870548248
2572,8.927114605903625
2573,0.631788820028305
2574,1.7487876117229462
2575,3.6417514085769653
2576,9.087982773780823
2577,7.343055605888367
2578,9.42677915096283
2579,2.068241834640503
2580,8.623620867729187
2581,1.7520244419574738
2582,9.178130030632019
2583,8.446880578994751
2584,9.188696146011353
2585,1.4106456935405731
2586,8.587067127227783
2587,5.167644023895264
2588,4.142773151397705
2589,0.6376490741968155
2590,8.90130341053009
2591,8.650243878364563
2592,7.957260608673096
2593,8.25398325920105
2594,8.993164300918579
2595,8.893595933914185
2596,9.160574078559875
2597,8.677660822868347
2598,7.762174010276794
2599,9.23808217048645
2600,2.8691577911376953
2601,8.864539861679077
2602,8.692981600761414
2603,3.958260715007782
2604,8.889329433441162
2605,1.7313764989376068
2606,3.153088688850403
2607,9.00870144367218
2608,2.7326729893684387
2609,1.1981824785470963
2610,4.5413848757743835
2611,9.026070833206177
2612,1.7270059883594513
2613,8.585701584815979
2614,9.230435490608215
2615,9.365713000297546
2616,8.235310912132263
2617,9.039317965507507
2618,0.8564218878746033
2619,8.778054118156433
2620,3.1975510716438293
2621,8.344282507896423
2622,8.4647536277771
2623,8.897789120674133
2624,8.551766872406006
2625,9.007080793380737
2626,8.053483963012695
2627,7.151349186897278
2628,8.314268589019775
2629,7.354673743247986
2630,2.6441729068756104
2631,8.23287844657898
2632,9.112057089805603
2633,2.024967521429062
2634,9.065335392951965
2635,0.8220990002155304
2636,9.479641914367676
2637,1.5367603302001953
2638,1.529395878314972
2639,1.6199883818626404
2640,8.419150114059448
2641,9.355087876319885
2642,1.9724500179290771
2643,0.9021005779504776
2644,1.041504368185997
2645,2.805740237236023
2646,8.5215163230896
2647,2.0151828229427338
2648,9.07771646976471
2649,9.194221496582031
2650,9.173634648323059
2651,7.92466938495636
2652,9.340232014656067
2653,3.4277692437171936
2654,1.4769123494625092
2655,8.424195051193237
2656,0.45455604791641235
2657,8.25024962425232
2658,6.71539306640625
2659,1.772933006286621
2660,0.8742757886648178
2661,1.6509872674942017
2662,2.171812206506729
2663,8.924654722213745
2664,8.254446983337402
2665,0.8291423320770264
2666,8.941153287887573
2667,3.7713345885276794
2668,8.540897369384766
2669,9.276816844940186
2670,8.584623336791992
2671,8.328676223754883
2672,1.2635037302970886
2673,8.972199559211731
2674,5.56643545627594
2675,1.0715863853693008
2676,9.517557621002197
2677,9.431988596916199
2678,9.071993827819824
2679,2.8741520643234253
2680,6.664069294929504
2681,1.2980175018310547
2682,9.485674500465393
2683,1.0948539525270462
2684,8.722282648086548
2685,9.140036702156067
2686,9.469132423400879
2687,9.431967735290527
2688,9.686157703399658
2689,9.581013917922974
2690,2.855612635612488
2691,8.993700742721558
2692,9.326472282409668
2693,8.531990647315979
2694,8.9866304397583
2695,9.559551477432251
2696,8.181480765342712
2697,9.1523677110672
2698,9.342701435089111
2699,8.751434683799744
2700,0.3927229344844818
2701,7.673109173774719
2702,1.0058870911598206
2703,8.984729647636414
2704,8.089471459388733
2705,8.889756202697754
2706,7.685750722885132
2707,9.640915989875793
2708,8.026325106620789
2709,9.152465462684631
2710,1.8578468263149261
2711,8.531734943389893
2712,1.5942759811878204
2713,0.9832766652107239
2714,9.10909652709961
2715,1.0100974142551422
2716,3.007555603981018
2717,7.997310757637024
2718,8.981362581253052
2719,9.530397057533264
2720,8.87998342514038
2721,1.9329427182674408
2722,0.2516607753932476
2723,9.295963048934937
2724,2.223779857158661
2725,1.3740737736225128
2726,9.233346581459045
2727,2.1378232538700104
2728,3.09946745634079
2729,7.600179314613342
2730,9.017529487609863
2731,2.8832218050956726
2732,1.2458500266075134
2733,8.740320205688477
2734,2.5923898816108704
2735,9.09841537475586
2736,8.402090072631836
2737,7.172625660896301
2738,8.556481003761292
2739,9.277895092964172
2740,7.840051651000977
2741,7.970139980316162
2742,9.193573594093323
2743,9.576773643493652
2744,8.807703852653503
2745,1.5425515174865723
2746,8.64790141582489
2747,8.85983407497406
2748,1.8720205128192902
2749,8.724650144577026
2750,8.200311660766602
2751,8.02715003490448
2752,8.459250926971436
2753,8.26786756515503
2754,1.4077004790306091
2755,9.013553857803345
2756,7.71517813205719
2757,1.4146341383457184
2758,0.9938050806522369
2759,9.078062176704407
2760,8.157396912574768
2761,7.408729195594788
2762,9.506886005401611
2763,8.796629905700684
2764,9.058813452720642
2765,8.892962336540222
2766,2.765091061592102
2767,9.596118330955505
2768,9.80030357837677
2769,9.227317571640015
2770,9.164083003997803
2771,9.453011155128479
2772,1.2870121002197266
2773,9.098950028419495
2774,9.055628180503845
2775,9.123998880386353
2776,1.0018163174390793
2777,8.189201951026917
2778,9.095984697341919
2779,6.183426380157471
2780,8.964658975601196
2781,0.9157315641641617
2782,1.0521391034126282
2783,2.133960723876953
2784,8.237109184265137
2785,8.575365543365479
2786,9.100984930992126
2787,9.221290349960327
2788,0.542835146188736
2789,9.286442399024963
2790,9.282381534576416
2791,8.857553601264954
2792,9.536892771720886
2793,9.481635689735413
2794,8.713850975036621
2795,6.676785945892334
2796,0.9795992821455002
2797,9.176027774810791
2798,6.99530303478241
2799,8.957628607749939
2800,1.8050630390644073
2801,0.7398699223995209
2802,2.086007297039032
2803,9.032644629478455
2804,7.169153094291687
2805,8.240331411361694
2806,1.1256883293390274
2807,2.057182639837265
2808,9.045720100402832
2809,6.717708110809326
2810,1.6678446531295776
2811,8.864620327949524
2812,7.965348958969116
2813,0.5653220787644386
2814,1.1128660291433334
2815,8.788755536079407
2816,8.45708429813385
2817,8.873522877693176
2818,0.9485134482383728
2819,9.179068207740784
2820,5.197150707244873
2821,9.20785903930664
2822,4.9050575494766235
2823,9.260720610618591
2824,2.1923138201236725
2825,9.145784974098206
2826,8.943300247192383
2827,0.43383248150348663
2828,9.450097680091858
2829,8.365947008132935
2830,5.30480682849884
2831,3.802517056465149
2832,9.069406390190125
2833,2.480565905570984
2834,9.266104102134705
2835,8.706218004226685
2836,1.6042734682559967
2837,8.894166946411133
2838,9.610536694526672
2839,1.0068736225366592
2840,1.6337105631828308
2841,2.1006911993026733
2842,1.4137119054794312
2843,8.199115991592407
2844,2.7119842171669006
2845,8.760691285133362
2846,9.343318343162537
2847,7.949075698852539
2848,9.07609224319458
2849,9.164789319038391
2850,7.849341034889221
2851,2.834186851978302
2852,8.100322484970093
2853,0.6512719392776489
2854,1.9666944444179535
2855,0.5680470541119576
2856,9.090608358383179
2857,0.7399339228868484
2858,8.626995086669922
2859,0.6922256201505661
2860,9.148784875869751
2861,8.617103695869446
2862,9.138055443763733
2863,9.658334255218506
2864,0.4443635046482086
2865,9.427513480186462
2866,0.416736863553524
2867,1.9149520993232727
2868,0.6398796290159225
2869,9.372313022613525
2870,8.444167971611023
2871,6.182486414909363
2872,9.010120034217834
2873,8.979766964912415
2874,8.944384455680847
2875,8.301252126693726
2876,3.1251388788223267
2877,2.5426849722862244
2878,8.640588521957397
2879,8.66043210029602
2880,9.673771262168884
2881,6.372435688972473
2882,8.5947185754776
2883,1.1979124695062637
2884,9.267982840538025
2885,9.102413654327393
2886,7.385843992233276
2887,7.55801260471344
2888,7.083223462104797
2889,8.693481683731079
2890,4.566364884376526
2891,6.4830708503723145
2892,3.0657678842544556
2893,1.388183832168579
2894,9.152870774269104
2895,4.527544379234314
2896,9.314490556716919
2897,8.935306668281555
2898,1.0177930444478989
2899,0.6724293529987335
2900,1.4512628316879272
2901,8.959212899208069
2902,8.383862972259521
2903,8.957296013832092
2904,9.354961514472961
2905,9.770036339759827
2906,9.630082845687866
2907,8.640051484107971
2908,9.059109687805176
2909,9.183201789855957
2910,1.0501085221767426
2911,2.2814689576625824
2912,8.459901213645935
2913,1.2915219366550446
2914,4.092777073383331
2915,9.516977071762085
2916,9.421824216842651
2917,9.16440486907959
2918,1.4475183188915253
2919,8.321134448051453
2920,9.048600196838379
2921,0.8031360059976578
2922,3.812064528465271
2923,0.7629412412643433
2924,8.990979194641113
2925,8.256515860557556
2926,9.185293316841125
2927,8.599169254302979
2928,9.531192183494568
2929,8.88687252998352
2930,3.039140999317169
2931,9.27726924419403
2932,2.5496602058410645
2933,3.122219741344452
2934,1.0175324231386185
2935,8.101891875267029
2936,8.484271764755249
2937,6.313703656196594
2938,8.614818453788757
2939,8.128907084465027
2940,8.389246463775635
2941,6.390244960784912
2942,2.8495126962661743
2943,9.261372685432434
2944,9.2677503824234
2945,5.661990642547607
2946,0.6241287663578987
2947,0.5510533973574638
2948,9.214639663696289
2949,9.725143313407898
2950,9.340175986289978
2951,1.0266778618097305
2952,1.362595558166504
2953,9.657532572746277
2954,1.4240038394927979
2955,2.568597197532654
2956,9.037184119224548
2957,8.554447293281555
2958,7.7543705701828
2959,2.1568340063095093
2960,9.178235530853271
2961,2.016306221485138
2962,6.051280498504639
2963,0.801316648721695
2964,9.302476644515991
2965,9.3281090259552
2966,1.3780447840690613
2967,9.685001373291016
2968,2.4573002755641937
2969,2.867475152015686
2970,8.96314263343811
2971,9.015414714813232
2972,9.432949423789978
2973,7.5658053159713745
2974,0.7937083393335342
2975,8.287768363952637
2976,8.554378747940063
2977,0.7006446272134781
2978,2.712043821811676
2979,9.33115005493164
2980,9.67370092868805
2981,1.7952442169189453
2982,9.558526873588562
2983,1.1892494559288025
2984,9.028626680374146
2985,1.5113070607185364
2986,1.7175127565860748
2987,6.512644290924072
2988,7.816814184188843
2989,3.7991249561309814
2990,8.700094223022461
2991,6.2913960218429565
2992,3.5771363973617554
2993,1.3879749178886414
2994,8.83720874786377
2995,8.527957201004028
2996,1.2129320204257965
2997,9.254711866378784
2998,9.585756659507751
2999,9.028280377388
3000,9.621325135231018
3001,8.971548676490784
3002,8.411386609077454
3003,1.346546709537506
3004,1.6328193247318268
3005,4.811720848083496
3006,6.43699586391449
3007,8.893755674362183
3008,0.8926279842853546
3009,3.349558413028717
3010,8.935642838478088
3011,1.8794205784797668
3012,5.508097410202026
3013,6.169309616088867
3014,9.248585104942322
3015,0.5475829914212227
3016,0.4356623440980911
3017,2.8475987911224365
3018,1.231931671500206
3019,8.433939814567566
3020,8.579182624816895
3021,5.4069918394088745
3022,8.390843272209167
3023,8.732627034187317
3024,9.473585486412048
3025,9.11836862564087
3026,9.450242519378662
3027,8.415281772613525
3028,8.81937325000763
3029,8.688956499099731
3030,7.470370531082153
3031,0.6089106202125549
3032,1.294039785861969
3033,9.650288820266724
3034,9.23416793346405
3035,1.8250969052314758
3036,0.6749100238084793
3037,7.525750398635864
3038,9.069547653198242
3039,2.8075751662254333
3040,9.0862375497818
3041,9.188562631607056
3042,1.7536799609661102
3043,8.610949516296387
3044,8.207560777664185
3045,9.754189848899841
3046,9.177367091178894
3047,5.551878809928894
3048,1.4501893520355225
3049,2.2652634978294373
3050,0.8938557654619217
3051,8.710796236991882
3052,1.22896708548069
3053,2.901104986667633
3054,1.2766823172569275
3055,9.430594444274902
3056,6.371610164642334
3057,1.9809339940547943
3058,8.661808371543884
3059,9.122140407562256
3060,1.2600918114185333
3061,4.52020525932312
3062,8.65958034992218
3063,2.3307785391807556
3064,9.205411672592163
3065,9.02187705039978
3066,8.674036860466003
3067,3.986370265483856
3068,0.28905510902404785
3069,1.609649807214737
3070,0.7863657176494598
3071,0.48293735831975937
3072,8.913292288780212
3073,6.041967868804932
3074,9.254227876663208
3075,9.246267676353455
3076,8.616010546684265
3077,3.1570711731910706
3078,7.9214781522750854
3079,9.271202087402344
3080,8.468487858772278
3081,2.0003169775009155
3082,1.5625184774398804
3083,7.9811543226242065
3084,1.3965502381324768
3085,1.9840207695960999
3086,8.43638300895691
3087,1.062738373875618
3088,0.25093182921409607
3089,9.24472689628601
3090,9.219093322753906
3091,9.718071222305298
3092,8.742673397064209
3093,8.881274461746216
3094,1.2133274227380753
3095,1.7976973950862885
3096,8.70441198348999
3097,9.203461408615112
3098,7.795131802558899
3099,0.755932554602623
3100,2.2905924916267395
3101,3.534691035747528
3102,9.04296875
3103,8.597443103790283
3104,7.959326505661011
3105,7.920363545417786
3106,9.409052729606628
3107,9.024893641471863
3108,8.80240023136139
3109,8.074120879173279
3110,9.262486696243286
3111,3.389260172843933
3112,5.522801876068115
3113,5.768265128135681
3114,1.2802088260650635
3115,9.303653836250305
3116,9.429328441619873
3117,8.60848605632782
3118,6.122598648071289
3119,4.820464551448822
3120,2.1319425106048584
3121,8.996251821517944
3122,8.659303188323975
3123,1.5962114930152893
3124,8.71056079864502
3125,8.204693794250488
3126,9.323652982711792
3127,9.387331008911133
3128,9.44234013557434
3129,7.920404672622681
3130,2.9621687531471252
3131,1.1476515978574753
3132,7.1819984912872314
3133,9.053735136985779
3134,8.430580496788025
3135,8.383698463439941
3136,4.314758777618408
3137,0.6827652454376221
3138,2.009281665086746
3139,1.3352808356285095
3140,7.560326457023621
3141,1.3212096691131592
3142,7.702030539512634
3143,8.324641585350037
3144,8.897146582603455
3145,8.681560158729553
3146,8.678045272827148
3147,8.521038293838501
3148,1.038377806544304
3149,9.348486065864563
3150,1.0500013828277588
3151,1.4578448235988617
3152,8.125725388526917
3153,0.4435823857784271
3154,0.9558239579200745
3155,0.2324715442955494
3156,9.393084645271301
3157,7.0383429527282715
3158,8.57670783996582
3159,9.28975522518158
3160,0.9170199185609818
3161,1.2779918313026428
3162,2.9841837286949158
3163,0.3789089620113373
3164,8.661168217658997
3165,8.513824343681335
3166,8.901174068450928
3167,8.655168414115906
3168,9.259422421455383
3169,1.155749037861824
3170,9.299716353416443
3171,9.212813973426819
3172,8.958374857902527
3173,8.292545676231384
3174,3.793621063232422
3175,7.8187960386276245
3176,9.405162930488586
3177,1.4532381296157837
3178,9.236867427825928
3179,3.788975775241852
3180,0.925925001502037
3181,8.201016187667847
3182,2.834964096546173
3183,7.342122793197632
3184,0.6170845404267311
3185,1.037546545267105
3186,0.7219606637954712
3187,8.715766668319702
3188,1.1744555830955505
3189,9.788981676101685
3190,8.894956707954407
3191,7.507112622261047
3192,7.271601557731628
3193,2.1687163412570953
3194,9.109769463539124
3195,1.4239318668842316
3196,0.7758215814828873
3197,9.146230220794678
3198,2.671833336353302
3199,8.698102831840515
3200,8.822572827339172
3201,9.411470293998718
3202,7.5970470905303955
3203,2.2010143101215363
3204,9.087294936180115
3205,6.394495964050293
3206,8.385518789291382
3207,2.2640261054039
3208,1.1281835287809372
3209,8.539455533027649
3210,8.857104778289795
3211,1.5907661616802216
3212,6.137863993644714
3213,8.567113876342773
3214,6.2434470653533936
3215,9.174670577049255
3216,8.439198732376099
3217,8.670201301574707
3218,2.9860317707061768
3219,8.91406238079071
3220,1.0768301039934158
3221,8.220534324645996
3222,8.380677103996277
3223,9.116882085800171
3224,8.714245557785034
3225,1.7161613702774048
3226,9.394468069076538
3227,8.796749114990234
3228,8.788414001464844
3229,0.30843794345855713
3230,2.6736456155776978
3231,8.831270337104797
3232,1.196083202958107
3233,7.035072445869446
3234,2.1486306190490723
3235,9.188207983970642
3236,4.590956270694733
3237,1.6272930800914764
3238,4.442956745624542
3239,9.08021330833435
3240,0.9623023867607117
3241,3.185402750968933
3242,9.104888439178467
3243,7.5729674100875854
3244,3.7377017736434937
3245,0.49803245812654495
3246,1.0792382061481476
3247,9.538719058036804
3248,9.106701612472534
3249,0.7821274548768997
3250,1.360626071691513
3251,8.587826490402222
3252,8.213105201721191
3253,9.63635504245758
3254,8.443834781646729
3255,1.6023439168930054
3256,3.598244786262512
3257,1.3555523753166199
3258,8.387165665626526
3259,9.402459263801575
3260,3.944871425628662
3261,7.635188698768616
3262,9.01761770248413
3263,9.56063687801361
3264,1.4395509660243988
3265,0.8466623723506927
3266,1.5984933078289032
3267,8.912688493728638
3268,7.0776671171188354
3269,9.278138279914856
3270,4.154086709022522
3271,8.482831716537476
3272,0.47885894775390625
3273,8.466043472290039
3274,1.871483325958252
3275,9.109781980514526
3276,1.370069980621338
3277,1.8122875690460205
3278,8.556451201438904
3279,8.701595664024353
3280,8.984620571136475
3281,9.097388982772827
3282,7.311872243881226
3283,2.557254135608673
3284,4.452192485332489
3285,8.659647107124329
3286,9.190211296081543
3287,3.849838674068451
3288,8.99232268333435
3289,2.4779610335826874
3290,9.431967735290527
3291,2.911677062511444
3292,2.899746298789978
3293,2.756689190864563
3294,7.201024889945984
3295,9.083093404769897
3296,8.855332732200623
3297,8.145704865455627
3298,9.759843349456787
3299,9.547383189201355
3300,8.586804270744324
3301,9.348798990249634
3302,8.47870945930481
3303,8.949494361877441
3304,1.8159237504005432
3305,9.171367883682251
3306,8.71367335319519
3307,0.7857910543680191
3308,1.1932770907878876
3309,8.256721496582031
3310,1.2598474323749542
3311,1.6073769330978394
3312,8.572394251823425
3313,0.63288614153862
3314,4.767061173915863
3315,0.46846088021993637
3316,7.639073133468628
3317,1.2367036193609238
3318,9.250553250312805
3319,4.0213969349861145
3320,8.804782032966614
3321,8.951246738433838
3322,0.8829531818628311
3323,8.87208640575409
3324,2.6413553953170776
3325,3.1132054328918457
3326,8.002273440361023
3327,9.160099029541016
3328,8.778965473175049
3329,8.96109402179718
3330,3.4285229444503784
3331,9.069796800613403
3332,0.7489024102687836
3333,8.479296565055847
3334,9.219884872436523
3335,0.7738647609949112
3336,0.4231296107172966
3337,2.4513930082321167
3338,1.734667718410492
3339,8.987639546394348
3340,2.8507494926452637
3341,8.971192836761475
3342,9.450038075447083
3343,8.159643411636353
3344,9.355905652046204
3345,0.3764992207288742
3346,7.82666802406311
3347,8.20741593837738
3348,9.180757999420166
3349,8.966153860092163
3350,1.3295559585094452
3351,1.3771787285804749
3352,1.9852100312709808
3353,1.2098424136638641
3354,7.844677567481995
3355,8.435600996017456
3356,1.2255313247442245
3357,9.051215648651123
3358,9.27669882774353
3359,6.51900589466095
3360,8.538708090782166
3361,1.2221814692020416
3362,0.5700259283185005
3363,9.33634638786316
3364,0.6671170145273209
3365,8.965489864349365
3366,0.5090592801570892
3367,1.2087880074977875
3368,7.789450287818909
3369,9.310351610183716
3370,4.917302429676056
3371,6.080650687217712
3372,1.4908717572689056
3373,9.384578466415405
3374,9.40533697605133
3375,1.4355860650539398
3376,7.343698143959045
3377,8.050735592842102
3378,9.64891254901886
3379,0.720505565404892
3380,9.457401037216187
3381,2.6564812660217285
3382,9.250763654708862
3383,9.020536541938782
3384,0.7622364908456802
3385,4.675107896327972
3386,9.46415662765503
3387,9.66631829738617
3388,7.953481078147888
3389,2.4551306664943695
3390,9.42850649356842
3391,8.675403594970703
3392,8.636415004730225
3393,9.280877113342285
3394,0.40690790861845016
3395,8.309234976768494
3396,8.736856579780579
3397,8.529770374298096
3398,9.371910691261292
3399,0.7663334906101227
3400,2.430657148361206
3401,9.084545969963074
3402,9.546089768409729
3403,8.728358745574951
3404,1.2150145322084427
3405,9.43794310092926
3406,8.016747832298279
3407,9.714104533195496
3408,9.212444424629211
3409,9.436203241348267
3410,9.3092542886734
3411,8.233379125595093
3412,9.212285876274109
3413,9.448119401931763
3414,8.753312826156616
3415,9.156975150108337
3416,8.889301419258118
3417,8.921903371810913
3418,8.98428201675415
3419,9.248292446136475
3420,2.4747036397457123
3421,1.0846498608589172
3422,8.900432586669922
3423,8.058260679244995
3424,8.653119802474976
3425,1.9907745718955994
3426,1.1457322537899017
3427,1.9921961426734924
3428,9.4527006149292
3429,0.6808548420667648
3430,9.137441515922546
3431,7.813599109649658
3432,9.295912384986877
3433,8.409675359725952
3434,3.3241572976112366
3435,1.4520767331123352
3436,9.056629538536072
3437,7.3823463916778564
3438,9.225196838378906
3439,4.895147085189819
3440,8.874961137771606
3441,9.322575330734253
3442,2.9243171215057373
3443,1.0725908726453781
3444,0.5276616662740707
3445,9.314183592796326
3446,1.2129615247249603
3447,5.140305757522583
3448,9.058741927146912
3449,9.019493460655212
3450,2.6671144366264343
3451,7.943124175071716
3452,9.387681484222412
3453,0.456387922167778
3454,9.347057938575745
3455,2.2491751611232758
3456,2.9493945837020874
3457,1.0659728944301605
3458,7.381689548492432
3459,9.50532078742981
3460,8.793652653694153
3461,9.182895421981812
3462,8.609973192214966
3463,1.594090312719345
3464,1.028256043791771
3465,9.340787529945374
3466,9.419070482254028
3467,2.8317078948020935
3468,9.11627471446991
3469,9.259464144706726
3470,9.30537760257721
3471,8.864936232566833
3472,2.136487364768982
3473,9.083470106124878
3474,8.062219023704529
3475,0.7386600971221924
3476,8.578658103942871
3477,1.5387362241744995
3478,8.355961441993713
3479,1.5176908671855927
3480,9.648083448410034
3481,0.5033842474222183
3482,9.566872715950012
3483,9.14867639541626
3484,0.4619191959500313
3485,8.781734704971313
3486,0.8827175199985504
3487,8.44397783279419
3488,8.475477695465088
3489,4.953688085079193
3490,1.0894528031349182
3491,7.874441742897034
3492,1.4608386158943176
3493,2.536971867084503
3494,1.1675968766212463
3495,9.221023917198181
3496,7.92654275894165
3497,9.561513066291809
3498,9.241653084754944
3499,1.6246360540390015
3500,8.769837021827698
3501,1.046750769019127
3502,0.4581969976425171
3503,9.40589427947998
3504,2.8632378578186035
3505,3.495893180370331
3506,9.403852820396423
3507,4.676133692264557
3508,2.0930810272693634
3509,3.474690616130829
3510,6.788930892944336
3511,9.16810929775238
3512,2.8390857577323914
3513,9.031022787094116
3514,1.3276131451129913
3515,9.172515869140625
3516,6.240074038505554
3517,8.882906436920166
3518,2.886960506439209
3519,8.971080780029297
3520,8.963860273361206
3521,8.572460412979126
3522,2.749794125556946
3523,9.387470483779907
3524,9.664109945297241
3525,2.409309595823288
3526,8.882906436920166
3527,0.8016674965620041
3528,9.053428173065186
3529,8.37847352027893
3530,9.242188930511475
3531,8.889133930206299
3532,0.6258294731378555
3533,4.020450711250305
3534,8.818517923355103
3535,9.130478501319885
3536,4.020949602127075
3537,9.235124588012695
3538,1.4567853510379791
3539,8.944907784461975
3540,0.6877607852220535
3541,8.372518420219421
3542,8.372217416763306
3543,9.467350840568542
3544,8.732550144195557
3545,8.151901960372925
3546,0.6473753601312637
3547,2.348010689020157
3548,8.293424248695374
3549,9.69064474105835
3550,4.29889053106308
3551,2.989559769630432
3552,5.667853355407715
3553,8.269541263580322
3554,3.1232723593711853
3555,3.4606635570526123
3556,8.791484832763672
3557,9.58652913570404
3558,8.189794421195984
3559,1.961633712053299
3560,9.333199858665466
3561,8.980124592781067
3562,1.0602256655693054
3563,3.1722715497016907
3564,8.961847424507141
3565,0.7206162065267563
3566,9.023542404174805
3567,4.7588589787483215
3568,8.41411292552948
3569,0.636000856757164
3570,1.5750759840011597
3571,1.0447991639375687
3572,2.3067928850650787
3573,7.6444220542907715
3574,8.9626944065094
3575,9.196298718452454
3576,6.986592411994934
3577,9.149572253227234
3578,1.2766964733600616
3579,7.884576320648193
3580,0.6612467765808105
3581,3.1857919692993164
3582,7.875977158546448
3583,7.824694514274597
3584,0.7050435990095139
3585,1.8621084094047546
3586,9.343504905700684
3587,4.547625482082367
3588,9.03329074382782
3589,8.900718688964844
3590,9.241934418678284
3591,2.9356470704078674
3592,1.493363082408905
3593,2.567569315433502
3594,7.483705282211304
3595,9.158710837364197
3596,8.725280165672302
3597,0.6343710422515869
3598,1.338936686515808
3599,8.639946579933167
3600,0.9089644253253937
3601,8.830615878105164
3602,7.35361635684967
3603,1.504584550857544
3604,9.196153283119202
3605,3.958585262298584
3606,8.935955166816711
3607,4.327943921089172
3608,8.9308100938797
3609,9.4492906332016
3610,0.514056533575058
3611,9.607736468315125
3612,9.028337001800537
3613,2.4990883469581604
3614,0.9762823581695557
3615,1.4091557264328003
3616,8.793253302574158
3617,0.9934944659471512
3618,9.245032668113708
3619,8.80747377872467
3620,9.264774918556213
3621,8.966741561889648
3622,3.822878897190094
3623,1.5166357159614563
3624,2.650633454322815
3625,2.8273457288742065
3626,9.312275648117065
3627,9.093834161758423
3628,9.214845895767212
3629,9.182806015014648
3630,6.587567329406738
3631,9.36700165271759
3632,4.7092655301094055
3633,8.679960370063782
3634,6.916131973266602
3635,9.083824753761292
3636,9.140766263008118
3637,2.234531491994858
3638,3.368295133113861
